{
	"vertexPositions" :[0.0902181,-0.0902181,-0.0902181,-0.0902181,-0.0902181,0.0902181,-0.090218,-0.0902181,-0.0902181,-0.0902181,0.0902181,-0.0902181,0.090218,0.0902181,0.0902181,0.0902181,0.0902181,-0.090218,0.0902181,0.0902181,-0.090218,0.0902181,-0.0902181,0.0902181,0.0902181,-0.0902181,-0.0902181,0.090218,0.0902181,0.0902181,-0.0902181,-0.0902181,0.0902181,0.0902181,-0.0902181,0.0902181,-0.0902181,-0.0902181,0.0902181,-0.0902181,0.0902181,-0.0902181,-0.090218,-0.0902181,-0.0902181,0.0902181,-0.0902181,-0.0902181,-0.0902181,0.0902181,-0.0902181,0.0902181,0.0902181,-0.090218,0.0902181,-0.0902181,-0.0902181,0.0902181,-0.0902181,0.0902181,-0.0902181,-0.0902181,0.0902181,-0.0902181,0.0902181,-0.0902181,-0.0902181,0.0902181,0.090218,0.090218,0.0902181,0.0902181,0.0902181,0.0902181,-0.090218,0.090218,0.0902181,0.0902181,0.0902181,-0.0902181,0.0902181,0.090218,0.0902181,0.0902181,-0.0902181,0.0902181,0.090218,-0.0902181,-0.0902181,0.0902181,-0.0902181,-0.0902181,0.0902181,-0.0902181,0.0902181,0.090218,-0.0902181,0.0902181,-0.0902181,0.0902181,-0.0902181,-0.0902181,-0.090218,-0.0902181,-0.0902181,-0.0902181,0.0902181,-0.0902181],
	"vertexNormals" :[-2.04604e-14,-1,8.25841e-08,-2.04604e-14,-1,8.25841e-08,-2.04604e-14,-1,8.25841e-08,2.72805e-14,1,-8.25841e-08,2.72805e-14,1,-8.25841e-08,2.72805e-14,1,-8.25841e-08,1,-2.47752e-07,2.04604e-14,1,-2.47752e-07,2.04604e-14,1,-2.47752e-07,2.04604e-14,-8.25841e-08,-2.0646e-07,1,-8.25841e-08,-2.0646e-07,1,-8.25841e-08,-2.0646e-07,1,-1,-1.23876e-07,-2.0646e-07,-1,-1.23876e-07,-2.0646e-07,-1,-1.23876e-07,-2.0646e-07,2.47752e-07,1.23876e-07,-1,2.47752e-07,1.23876e-07,-1,2.47752e-07,1.23876e-07,-1,-6.82014e-15,-1,8.25841e-08,-6.82014e-15,-1,8.25841e-08,-6.82014e-15,-1,8.25841e-08,3.75108e-14,1,-8.25841e-08,3.75108e-14,1,-8.25841e-08,3.75108e-14,1,-8.25841e-08,1,3.30336e-07,5.78089e-07,1,3.30336e-07,5.78089e-07,1,3.30336e-07,5.78089e-07,-4.54213e-07,1.65168e-07,1,-4.54213e-07,1.65168e-07,1,-4.54213e-07,1.65168e-07,1,-1,-1.23876e-07,-2.0646e-07,-1,-1.23876e-07,-2.0646e-07,-1,-1.23876e-07,-2.0646e-07,2.0646e-07,8.25842e-08,-1,2.0646e-07,8.25842e-08,-1,2.0646e-07,8.25842e-08,-1],
	"vertexTextureCoords" : [0,0,0,0,0,0,0,0,0,0,0,0,0,0,0,0,0,0,0,0,0,0,0,0,0,0,0,0,0,0,0,0,0,0,0,0,0,0,0,0,0,0,0,0,0,0,0,0,0,0,0,0,0,0,0,0,0,0,0,0,0,0,0,0,0,0,0,0,0,0,0,0,0,0,0,0,0,0,0,0,0,0,0,0,0,0,0,0,0,0,0,0,0,0,0,0,0,0,0,0,0,0,0,0,0,0,0,0,0,0,0,0,0,0,0,0,0,0,0,0,0,0,0,0,0,0,0,0],
	"indices" : [0,1,2,3,4,5,6,7,8,9,10,11,12,13,14,15,16,17,18,19,20,21,22,23,24,25,26,27,28,29,30,31,32,33,34,35]
}