{
    "faces":[35,8,11,3,2,0,0,0,0,0,35,16,19,7,6,0,1,1,1,1,35,12,15,5,4,0,2,2,2,2,35,1,0,20,23,0,3,3,3,3,35,30,12,4,21,0,4,4,4,4,35,1,23,34,35,0,5,5,5,5,35,3,11,32,33,0,6,6,6,6,35,11,10,36,32,0,7,7,7,7,35,16,6,13,28,0,4,4,4,4,35,28,13,12,30,0,8,8,8,8,35,6,7,14,13,0,2,2,2,2,35,13,14,15,12,0,2,2,2,2,35,0,1,10,9,0,0,0,0,0,35,9,10,11,8,0,0,0,0,0,35,8,29,31,9,0,8,8,8,8,35,29,28,30,31,0,8,8,8,8,35,2,17,29,8,0,4,4,4,4,35,17,16,28,29,0,4,4,4,4,35,14,25,27,15,0,9,9,9,9,35,25,24,26,27,0,9,9,9,9,35,7,19,25,14,0,10,10,10,10,35,19,18,24,25,0,10,10,10,10,35,15,27,22,5,0,10,10,10,10,35,27,26,23,22,0,10,10,10,10,35,20,0,9,31,0,4,4,4,4,35,31,30,21,20,0,4,4,4,4,35,4,5,22,21,0,11,11,11,11,35,21,22,23,20,0,11,11,11,11,35,2,3,18,17,0,1,1,1,1,35,17,18,19,16,0,1,1,1,1,35,39,36,35,34,0,12,12,12,12,35,37,33,32,38,0,12,12,12,12,35,38,32,36,39,0,12,12,12,12,35,23,26,39,34,0,13,13,13,13,35,24,18,37,38,0,13,13,13,13,35,26,24,38,39,0,14,14,14,14,35,10,1,35,36,0,6,6,6,6,35,18,3,33,37,0,15,15,15,15],
    "materials":[],
    "uvs":[],
    "normals":[-1,0,0,-0,0,-1,1,0,0,0,0,1,0,-1,0,0,0,1,-0.983,-0.183606,0,-0.983,-0.183606,0,0,-1,0,0,1,-0,0,1,-0,-0,0,1,0,1,0,0.983,0.183606,0,0.983,0.183606,-0,0,-0,-1],
    "metadata":{
        "version":3,
        "generator":"io_three",
        "uvs":0,
        "vertices":40,
        "faces":38,
        "materials":0,
        "normals":16,
        "type":"Geometry"
    },
    "vertices":[-1,-0.176137,1.35363,-1,0.162583,1.35363,-1,-0.176137,-1.35363,-1,0.162583,-1.35363,1,-0.176137,1.35363,1,0.162583,1.35363,1,-0.176137,-1.35363,1,0.162583,-1.35363,-1,-0.176137,-1.0532,-1,-0.176137,1.0532,-1,0.162583,1.0532,-1,0.162583,-1.0532,1,-0.176137,1.0532,1,-0.176137,-1.0532,1,0.162583,-1.0532,1,0.162583,1.0532,0.879961,-0.176137,-1.35363,-0.879961,-0.176137,-1.35363,-0.879961,0.162583,-1.35363,0.879961,0.162583,-1.35363,-0.879961,-0.176137,1.35363,0.879961,-0.176137,1.35363,0.879961,0.162583,1.35363,-0.879961,0.162583,1.35363,-0.879961,0.162583,-1.0532,0.879961,0.162583,-1.0532,-0.879961,0.162583,1.0532,0.879961,0.162583,1.0532,0.879961,-0.176137,-1.0532,-0.879961,-0.176137,-1.0532,0.879961,-0.176137,1.0532,-0.879961,-0.176137,1.0532,-1.5274,2.98621,-1.0532,-1.5274,2.98621,-1.35363,-1.40736,2.98621,1.35363,-1.5274,2.98621,1.35363,-1.5274,2.98621,1.0532,-1.40736,2.98621,-1.35363,-1.40736,2.98621,-1.0532,-1.40736,2.98621,1.0532]
}